cycle,bytes,content_sha256,persisted_revision,rss_kib,duration_ms,rich_edit_undo,review_cancel,result,idle_s,rss_after_idle_kib
1,741,5b436020b6badeb1f84d9060c20cd24b9de2a91a808f2554a8f360e77c1531eb,5,325056,557.3,False,False,pass,0.0,325056
2,3621,2f4d2f97de3d4433a740553306133004a6265726287197a0568f35c04d73c6ad,8,322496,481.49,False,False,pass,0.0,322496
3,741,6efd5b287d91522b334ea27e0f3254a34ba59cf10a138cfe65ec8d19e1f6c651,11,322656,472.73,False,False,pass,0.0,322656
4,3621,2165ce8d78bd197d590e4b451feb36c94215bff38b20c1fe99de354b46ffcc91,14,323232,475.34,False,False,pass,0.0,323232
5,741,25f66e59a87c1131fd12ad5098d286ef0833b52aa45c230b84ad0b1136d971f2,17,323456,487.33,False,False,pass,0.0,323456
6,3621,2b1e2922479c389e47f02b607c135e46e355509c0dde9aefae21803e0670900b,23,340368,1481.47,True,True,pass,0.0,340368
7,741,71d2929f02d896ca9f62eebbe43a1aae7d9b6bfba98804bfc6c15ff30d695a13,26,340576,477.98,False,False,pass,0.0,340576
8,3621,a2d2552a5ea3d4c1d12cbc8024a894829e80657503102945bd811c898ef2dda0,29,341504,485.8,False,False,pass,0.0,341504
9,741,9b400dfcde8b62f9c75c77030c141407759f1b67bdf9126c16e7168cbfc4f41c,32,341664,472.35,False,False,pass,0.0,341664
10,3623,ed9f8f47d031717e2b513ad68c19864520a785f13634b486e355eb03e92a8a57,35,342192,471.98,False,False,pass,0.0,342192
11,743,749a493897cc4212d5cf3bfb3dd37174935cf647282a1a3993c717ed72ca243f,38,342352,476.73,False,False,pass,0.0,342352
12,3623,cd811847bfc73454d44131f194719190e627558d0b3f5b0b82b710e0830acaad,44,348256,1587.28,True,True,pass,0.0,348256
13,743,0807369b19907b4aa4657babe57123f7643c6ff3636bb715959ab71659744ba6,47,348448,480.75,False,False,pass,0.0,348448
14,3623,4f285918f697a5d14e4420945976757250d090f9c221918531651545773bede1,50,348896,477.29,False,False,pass,0.0,348896
15,743,0778a889f47fda15368c5779a38fece27c5a1f52f5a23f9e05c0739a0b50c5d8,53,349008,466.27,False,False,pass,0.0,349008
16,3623,b8132b5a028ff665b1a65c763a4f861e7b0ef01774ba0e32b975a48e6e0e5abf,56,349440,473.85,False,False,pass,0.0,349440
17,743,579e211be916322337fe611379fd365765efa8ab69db03987f1f2a200c7033f9,59,349600,479.22,False,False,pass,0.0,349600
18,3623,10b0df7f59fa88477cf9ce03a985cd198787dc28015094a9bb8b0920ddc23c00,65,350832,1441.67,True,True,pass,0.0,350832
19,743,2485ff34cf93a71927e1c04521c7826ab08f59c490da43ecc957a857d832af85,68,350960,473.47,False,False,pass,0.0,350960
20,3623,58ded988f5b232c013f1606f233dcc0a51c3eb8f6e1e7c3c846d717ca68fd2f0,71,351392,486.0,False,False,pass,0.0,351392
21,743,d9b2ad15ecd75c1015812af9a741610f80643f8019de2890f9a45eb229780bf2,74,351520,482.88,False,False,pass,0.0,351520
22,3623,6b086c98e368f25d32f501ce386137c1e9ebe3ef8ed669586fa7f514eab8f5fb,77,351968,482.7,False,False,pass,0.0,351968
23,743,7fcbcf9be26f8098144aa950a7c74c7f88382693ca0ba15923c5814c906fd45a,80,352064,475.7,False,False,pass,0.0,352064
24,3623,1efe08fd1a1a8cbb4c63322568c728430edc2252b2e11cbd622d53643b59c407,86,353520,1451.84,True,True,pass,0.0,353520
25,743,dba23b69755267e7a70ee07ae152954baa8e02b30c0b9d12a96eea9d16fad98f,89,353664,480.94,False,False,pass,0.0,353664
26,3623,e9ca7de0993c29d1a575deb015ea8df80a561b1f3cff903a1a58aec6564630ca,92,354064,492.33,False,False,pass,0.0,354064
27,743,4520c45e507efef29fbc25d5b01131036a02edd0ecb7ebf8813a54b4ab031108,95,354208,471.75,False,False,pass,0.0,354208
28,3623,b417895c67038e54cae52dfe08526841016fb17064ea7000f5e6858cbe15ebc4,98,354688,483.92,False,False,pass,0.0,354688
29,743,ce88488fefef055fd6e98e9ff26b57505013aea5b0b4859e37184c6f10d79192,101,354784,474.31,False,False,pass,0.0,354784
30,3623,caf7b792310cd6bdafb25cc51ed215d531065719a3b11e16572b5f6d04750d51,107,355904,1451.08,True,True,pass,0.0,355904
31,743,af94a0c387a17580a17f0ad87e2d3c2d26b87f32fb691fb4a8edd1f5e823f055,110,356016,481.06,False,False,pass,0.0,356016
32,3623,09bb833dd1544adf99b91d07af418344a5d9e5855e7ef0f4da6fbb8632268f30,113,356432,482.22,False,False,pass,0.0,356432
33,743,ac58a2cca23cddff1f35f9cad4cfee85853d7d0a84c5e6a45fc2312daa28e317,116,356544,482.25,False,False,pass,0.0,356544
34,3623,6c9da96987e2da601573835ba06a2fcea5226013a0a6175937c1585314dba127,119,356992,489.62,False,False,pass,0.0,356992
35,743,6cc96ad91e4166066f9a9319904f324ddc3bb800a908d0550c88fb47d776618d,122,357152,473.78,False,False,pass,0.0,357152
36,3623,f6b4660cdbb7d91f36e4a3e1e41f373524d5d00d90f096c5cde48b7dca294e8b,128,358112,1454.48,True,True,pass,0.0,358112
37,743,f25a1dad9c6afef8363c2f16701abf910184fd4e6b55d3d59b4f2e46b6e11fd6,131,358224,478.31,False,False,pass,0.0,358224
38,3623,ad98a7050c962dc1f3b194f5961b7d4990022be9c048c2cbadd02e068af6dd9e,134,358720,481.73,False,False,pass,0.0,358720
39,743,6bb394f2717eec3bc286b263a1ffec5d0b56a942c326e761fdaf1b1dc6ae2fc2,137,358816,480.36,False,False,pass,0.0,358816
40,3623,9ed42b2648784ae8328413b65ce9453774c3d03720720d0724ff9e26d2024654,140,359312,476.11,False,False,pass,0.0,359312
41,743,61ad9320dfa22bbe33dacf8ee939a20ce96d662401b73ad9970ecfef4d63426e,143,359456,486.33,False,False,pass,0.0,359456
42,3623,ebc3ff8c8cd49086cc513c10c5f9583c1b2d4ad6686c7042bcf7c7d1949d30ae,149,360464,1451.41,True,True,pass,0.0,360464
43,743,104d4641804817afbf6f790e109608b71c62dbe73553fd189a954c80e95c0f7e,152,360624,477.11,False,False,pass,0.0,360624
44,3623,09f2137e3ab3c54126486967ce4f201510c373b19a5c1d23128d63fcfa2a6306,155,361040,475.05,False,False,pass,0.0,361040
45,743,c0318085f2f74e86e350652e58ddbd6210f69b1b1c6694eb5d30b7c6e0d24749,158,361152,472.43,False,False,pass,0.0,361152
46,3623,8d11764c2f5fe217224a689858fd49880e0d9b8a2a3320e5e2949487e4331144,161,361632,478.1,False,False,pass,0.0,361632
47,743,bafd2cc0ad27cb7680e6e8681f7f2be2ddfc4a845a2e9b46a914ecf02fafc3d5,164,361760,479.6,False,False,pass,0.0,361760
48,3623,fe8242d0d8fc45d1b3204ddae741e40efc9e5935749597eb5f4328368821614b,170,363088,1459.27,True,True,pass,0.0,363088
49,743,5f02431fee224eb4bbb633c8481f468adb481721aa68aabd66bd3e34e41d9854,173,363264,481.58,False,False,pass,0.0,363264
50,3623,c93ff73c270e8fea3bb9441deca149851190c06f622f1c12f113dfa0075f1a77,176,363792,484.04,False,False,pass,0.0,363792
51,743,511d92b269de71ad1325a79efb7e0002a7e6ec59f3acda892e34233e826d98d7,179,363952,481.46,False,False,pass,0.0,363952
52,3623,741f7a7ee60cb574e567a91f3cec18377be4d0c34e1188e01d7554f0e028aba8,182,364416,473.1,False,False,pass,0.0,364416
53,743,c8ad5c294700c4776cac14d727cb494aa6a6c62b2126808383e8ded5bbd2bdf3,185,364528,475.71,False,False,pass,0.0,364528
54,3623,788f892201a7c6cdbf6e492cec1b4f62177613dd398b688f92f2a729f6bfd3cf,191,366832,1451.52,True,True,pass,0.0,366832
55,743,db402791b1bf02187b25965cd58f5468781f625ce22bdeab99306ae59bf17ea3,194,366944,477.13,False,False,pass,0.0,366944
56,3623,aab10214311cdbf30bcc741779ca5beefdbb65f4052f7bc6e7b5c766e49e6c96,197,367392,478.64,False,False,pass,0.0,367392
57,743,b942773bd338ffa06094df745a9fefb54c8926dff16ee322f76a9eb382b97a8f,200,367632,484.55,False,False,pass,0.0,367632
58,3623,72f02a26eae8762b6ccd986924c95d46f048c63ada7e25075ef10ee347283f1b,203,367856,476.62,False,False,pass,0.0,367856
59,743,c44d947ae0ba573c9e5ad9ad53e7ebf8906ce60fc7b1bdb239e480119ddb479a,206,367888,476.5,False,False,pass,0.0,367888
60,3623,c910085d27064c9d7b242b023f70b1b72ebf6426360bfb323b864333cf5fb25c,212,368288,1443.13,True,True,pass,0.0,368288
61,743,94ed0f68324612b2af6f2ed683b1242b16d592de95a0929ca462741afaf061a8,215,368336,488.31,False,False,pass,0.0,368336
62,3623,a2522e1c300a68315f6574679507b97762c5d71c79fbf9ff093f807e946ad4e9,218,368368,486.86,False,False,pass,0.0,368368
63,743,1758a33be75db845fe766fd5892fb490c0c829800f9c03e88dd806a5fd631430,221,368400,480.72,False,False,pass,0.0,368400
64,3623,7b237fe972a37c08f0da1a35a263d45d0bf3ad63e526112911246a63b3979586,224,368432,487.83,False,False,pass,0.0,368432
65,743,20f6b0053e73afa9f50c31f96eb394d9b433e6faa7005d85699a4d6ee35b638e,227,368480,489.23,False,False,pass,0.0,368480
66,3623,36d47d5b391010e497b1ebf75282c9b5c0b9c966391c3dd2db2eb8f974201915,233,368720,1456.04,True,True,pass,0.0,368720
67,743,1504cb84ae7b3d80adb09157ede40af93563db63d0e72d8714dbe24a4ff47abf,236,368720,473.75,False,False,pass,0.0,368720
68,3623,6a7ac2d1e850ee62ae0852a4640d73ee80aca3654855c8402d013a04af016f0e,239,368736,479.57,False,False,pass,0.0,368736
69,743,d724ae618256bd1323bcc0c146fef640e7b88f6e445ea2d338d229ec4fd80f01,242,368768,476.72,False,False,pass,0.0,368768
70,3623,40ef7b371c799745fb53d8daab6b16514963752da0de8578f7a3b5d83e52bbf5,245,368768,482.6,False,False,pass,0.0,368768
71,743,128a4b535eefc8e156a7e4793287e3c4c1d33eb5ebf7a984b736f9c6c6b19df8,248,368816,479.2,False,False,pass,0.0,368816
72,3623,4f6cdc851ea8b14efd09898cd993b8d3611d2a723f70709501aa5b0456acf890,254,368992,1449.4,True,True,pass,0.0,368992
73,743,2e67c91d62efcebf0a05e21e51b07a5e3e92fa9e9014e2fec32330eb6688677d,257,369024,477.21,False,False,pass,0.0,369024
74,3623,46d0e2a4ace7e3a9c93e70d45fd371433067b30fea8bc18ced2d878ab4e5ebed,260,369040,478.01,False,False,pass,0.0,369040
75,743,c751dc1a24c3ecd45ab62be1d5fc2ea5354b70783872f5d9a8b0ca41cd46c785,263,369040,476.53,False,False,pass,0.0,369040
76,3623,3b09a20d089e9ed004f3ea3a9936a102295f00e6a8be7924aa7fcb505eb34a24,266,369056,490.25,False,False,pass,0.0,369056
77,743,4a5ff570d33a6e91da2347641d491adcdbe9b87e1921ba87c7f2572cf553c61a,269,369104,474.01,False,False,pass,0.0,369104
78,3623,e001c40291b9133b861744886946ace60e6ff242b7e329f48cdc242860001412,275,369216,1450.75,True,True,pass,0.0,369216
79,743,a4e5952e87674a55b7828d1a02731e639af7f110748dc9fdd89b3bdb0654a112,278,369232,475.54,False,False,pass,0.0,369232
80,3623,8bfe41992dc4fb1de34bbf7293eef6e1838219b6f73e9c54d3107b84289f877e,281,369232,481.43,False,False,pass,0.0,369232
81,743,a9f80af450d891064945ad59b36eb3ed8a7dba97c5d10efcdcd4784d71da9002,284,369280,479.06,False,False,pass,0.0,369280
82,3623,1e5a18f77f6a5a8df0cb2cc138f5c7bd87539c646b4d1553560b667f3235f103,287,369296,480.79,False,False,pass,0.0,369296
83,743,2aa99afa62a4de5164197924cebe9fc795785bd9e8ad1369ed7e3dc06cab6d9e,290,369360,479.72,False,False,pass,0.0,369360
84,3623,1584ce6b08cfc23cb92d10bf04abf4ab33c44b49f1c651255aa54053ab6fbda5,296,369504,1435.01,True,True,pass,0.0,369504
85,743,e2619f79a261b2c22f60ddb057e4f356bf15560833323b6e5124f39922d897bc,299,369504,481.64,False,False,pass,0.0,369504
86,3623,751ba22c60442cec1c55c9e230911df08aaa3ac23aeebcde5a79f21b8d146a1a,302,369504,481.47,False,False,pass,0.0,369504
87,743,b2110b648f69e24aefc618ec8fb9dc62f7b3f76eb87864af34d46e85099c15a8,305,369536,475.68,False,False,pass,0.0,369536
88,3623,b4e8453d8d10925eb548a97cfa273152495dffe4d71e7bdccd5407f12c83562f,308,369552,483.6,False,False,pass,0.0,369552
89,743,21d61b5ec7a45747f27fdd051847bfcc5fe6b6a208292acbac972f403f17a595,311,369600,469.66,False,False,pass,0.0,369600
90,3623,aa33f99c818011d831b31a10228a2d5f246ee205dddb5f6f04c780ec754c9e75,317,370496,1453.51,True,True,pass,0.0,370496
91,743,c7dfe68c33739c2c8f42bc09a7b6c626be7793309ec2cf79fdfc668532107afc,320,370512,483.46,False,False,pass,0.0,370512
92,3623,469ac056879266eb3285bf08cad821b2757777ee7455e4a71dccdde381a55258,323,370528,479.88,False,False,pass,0.0,370528
93,743,f16252c74782b03d8464bff17963a67f1033e061d3fa4ed042c5c546bb26e2d9,326,370544,493.71,False,False,pass,0.0,370544
94,3623,9185ae32987ec71a6b2367019d8b439733d6e9b04c07ee5bce34c91946153635,329,370544,499.76,False,False,pass,0.0,370544
95,743,2347e729505d294e429dd7264c8244a7a460e843d0310b478e2896388e66774e,332,370560,488.81,False,False,pass,0.0,370560
96,3623,d59f25b2ef5e13020d56f71151f6d87bdeaa7773d8d3ebb98bc4d30975dfbb0f,338,374608,1503.18,True,True,pass,0.0,374608
97,743,bba16e848282c17235f4e5bd79dc8091c47febe700fa69d5d9520373fd000c38,341,374672,471.23,False,False,pass,0.0,374672
98,3623,c6d6d1837d332d644cf9d8ec1b3c8860c5b8318804753f1f31e6c86f1041a491,344,374704,502.33,False,False,pass,0.0,374704
99,743,a8f505bffa1fcb9054644cfcce5a5dd71d4d208fa1baa6b49be5321bb7a91aba,347,374704,486.19,False,False,pass,0.0,374704
100,3675,9313d2de6edd57ff2896cfbc081f3ad25481a43e2fda808c7c0ad5298520e550,350,374736,488.71,False,False,pass,0.0,374736
101,755,57b9199eddc87b2569d072fb9c97e0d1f651107cbc185a47c2d9fbc3bf796b04,353,374784,489.93,False,False,pass,0.0,374784
102,3675,5187b2fe095cd869ab55f971a3188a35c8a74ffb7980061c999d442eea38bd8c,359,379296,1467.16,True,True,pass,0.0,379296
103,755,c88b23c6638c5ffcafeb908683d77e576cd3060d2fc94cb53a5948ff7b5aafc4,362,379296,480.73,False,False,pass,0.0,379296
104,3675,27b92d0907f8b5c9fd432330f2230191bb68487a40965545fb7bd4955ce2ecc2,365,379312,480.57,False,False,pass,0.0,379312
105,755,4ef295dc39cb827fcbf1a0bc3311ec1a24eecfb6f0299027cfebe08524753885,368,379344,481.0,False,False,pass,0.0,379344
106,3675,45b6be67834845b3f82deac23ab904f77a303fcbb2b37e80bd06f4b121e6760d,371,379360,478.63,False,False,pass,0.0,379360
107,755,caad41af1b8ecf3700e77d129d00e6e7808f441e90be23addfbd523f3982e31c,374,379376,480.61,False,False,pass,0.0,379376
108,3675,93b285a9ddc980757306c7208d02b57683634b87743050529ce3496fefbf8884,380,379840,1485.38,True,True,pass,0.0,379840
109,755,d4ae0ea29520dff41c0e1ae02b31cb12dbb8a0dd769d390e76ccd13c5ebdfa59,383,379840,485.09,False,False,pass,0.0,379840
110,3675,f95cce75198937377e81b4fc01008d76eb74b0a8d5544143215fb6ff27a98c98,386,379856,514.85,False,False,pass,0.0,379856
111,755,76b5758d46fd3ebe4068eaa605419e048dad4dcb33907c0e2a8e74b38d74e050,389,379856,494.94,False,False,pass,0.0,379856
112,3675,eba823f37179cbf4b2e275558f7435cb927ceb6d1528f48a30ff0d59cf4c4a53,392,379856,488.48,False,False,pass,0.0,379856
113,755,f663f1ae460a6b3d2e9c78bd2521baf8225ba202d8e839d229017971b4fa0789,395,379936,498.8,False,False,pass,0.0,379936
114,3675,029ab5146dddab79ef9ea8dd88748a0cc3da4cba09d1daf53cbcd4704543ab85,401,380336,1523.16,True,True,pass,0.0,380336
115,755,009ecfb8c8e90831a476b4bb0d7444b50755331eb193c4e2bb43b24e075d465e,404,380336,489.65,False,False,pass,0.0,380336
116,3675,7acdcac63ff32409fa9cc967d7dad08528d6e511e8ba62504d71529711a39d89,407,380336,499.32,False,False,pass,0.0,380336
117,755,819e3eded9263e59f2c9c3204704227b1f84eaa8087843ffac3604ac4ce8f05e,410,380352,495.56,False,False,pass,0.0,380352
118,3675,360a4adf2d7ca90256aca97b407dc7f814df426cd774c17d840ec8b4e6465a87,413,380352,522.95,False,False,pass,0.0,380352
119,755,c2dab93e3be9b7beaf98224fdb62c6154add9c4a5dd842f2b7a6fe2b406a0704,416,380368,508.34,False,False,pass,0.0,380368
120,3675,43926f1c432efac27978ed239501341001fc1bffd265757ed4ec89b43b566787,422,388352,1644.97,True,True,pass,0.0,388352
